train_score,test_score
98.33333333333333,96.66666666666667
97.5,90.0
99.16666666666667,96.66666666666667
96.66666666666667,90.0
